{
	"partitions" : [
		{
			"name" : "Top",
			"pins" : [
				{
					"name" : "LEDR[17]",
					"strict" : false
				},
				{
					"name" : "LEDG[0]",
					"strict" : false
				},
				{
					"name" : "LEDG[1]",
					"strict" : false
				},
				{
					"name" : "UART_TXD",
					"strict" : false
				},
				{
					"name" : "ADS1292_SCLK",
					"strict" : false
				},
				{
					"name" : "ADS1292_MOSI",
					"strict" : false
				},
				{
					"name" : "ADS1292_START",
					"strict" : false
				},
				{
					"name" : "ADS1292_CSN",
					"strict" : false
				},
				{
					"name" : "MPR121_SCL",
					"strict" : false
				},
				{
					"name" : "MPR121_SDA",
					"strict" : false
				},
				{
					"name" : "KEY_0",
					"strict" : false
				},
				{
					"name" : "CLOCK_50M",
					"strict" : false
				},
				{
					"name" : "ADS1292_DRDY",
					"strict" : false
				},
				{
					"name" : "UART_RXD",
					"strict" : false
				},
				{
					"name" : "ADS1292_MISO",
					"strict" : false
				},
				{
					"name" : "altera_reserved_tms",
					"strict" : false
				},
				{
					"name" : "altera_reserved_tck",
					"strict" : false
				},
				{
					"name" : "altera_reserved_tdi",
					"strict" : false
				},
				{
					"name" : "altera_reserved_tdo",
					"strict" : false
				}
			]
		}
	]
}