{
	"partitions" : [
		{
			"name" : "Top",
			"pins" : [
				{
					"name" : "LEDR[0]",
					"strict" : false
				},
				{
					"name" : "LEDR[1]",
					"strict" : false
				},
				{
					"name" : "LEDR[2]",
					"strict" : false
				},
				{
					"name" : "LEDR[3]",
					"strict" : false
				},
				{
					"name" : "LEDR[4]",
					"strict" : false
				},
				{
					"name" : "LEDR[5]",
					"strict" : false
				},
				{
					"name" : "LEDR[6]",
					"strict" : false
				},
				{
					"name" : "LEDR[7]",
					"strict" : false
				},
				{
					"name" : "LEDR[8]",
					"strict" : false
				},
				{
					"name" : "LEDR[9]",
					"strict" : false
				},
				{
					"name" : "LEDR[10]",
					"strict" : false
				},
				{
					"name" : "LEDR[11]",
					"strict" : false
				},
				{
					"name" : "LEDR[17]",
					"strict" : false
				},
				{
					"name" : "LEDG[0]",
					"strict" : false
				},
				{
					"name" : "LEDG[1]",
					"strict" : false
				},
				{
					"name" : "UART_TXD",
					"strict" : false
				},
				{
					"name" : "ADS1292_SCLK",
					"strict" : false
				},
				{
					"name" : "ADS1292_MOSI",
					"strict" : false
				},
				{
					"name" : "ADS1292_START",
					"strict" : false
				},
				{
					"name" : "ADS1292_CSN",
					"strict" : false
				},
				{
					"name" : "MPR121_SCL",
					"strict" : false
				},
				{
					"name" : "MPR121_SDA",
					"strict" : false
				},
				{
					"name" : "KEY_0",
					"strict" : false
				},
				{
					"name" : "CLOCK_50M",
					"strict" : false
				},
				{
					"name" : "ADS1292_DRDY",
					"strict" : false
				},
				{
					"name" : "UART_RXD",
					"strict" : false
				}
			]
		}
	]
}